Title,Link,Price,Minimum Order,Image
Factory Direct 15W Clamping Wireless Fast Charging Flexible Portable Air-Vent Car Phone Holder Glass Surface Insert Fix Mode,https://www.alibaba.com/product-detail/Factory-Direct-15W-Clamping-Wireless-Fast_1601391496207.html?priceId=ac791e0f2ab54203af123379ae58084e,"353-1,183",5,https://s.alicdn.com/@sc04/kf/H83e57755b88c4bef87025e095a84241ce.png_300x300.png
New Strong Durable Car Organizer Backseat Trunk Storage Bag Multifunctional Hanging Car Back Seat Trunk Storage Bag Organizer,https://www.alibaba.com/product-detail/New-Strong-Durable-Car-Organizer-Backseat_1601143739174.html?priceId=ac791e0f2ab54203af123379ae58084e,"6,071",2,https://s.alicdn.com/@sc04/kf/H5f19b772ed5341d0ac28319b06462b6dm.jpg_300x300.jpg
Cheap Price DC12V 70W 0.55L Dust Collection ABS 2900pa Car Vacuum Cleaner With Nozzle And Brush,https://www.alibaba.com/product-detail/Cheap-Price-DC12V-70W-0-55L_1601392798015.html?priceId=ac791e0f2ab54203af123379ae58084e,"1,236",1,https://s.alicdn.com/@sc04/kf/H30a0afc7eca94e6fa74af041f9d1c399y.png_300x300.png
G08 Phone Car Holder Hanger Hooks Dual Heads Cars Accessores Interior Accessories Mobile Holder for Car New Gadgets,https://www.alibaba.com/product-detail/G08-Phone-Car-Holder-Hanger-Hooks_1600341384040.html?priceId=ac791e0f2ab54203af123379ae58084e,369,200,https://s.alicdn.com/@sc04/kf/H000bd137ceed420e8ccff572462cd9d2n.jpg_300x300.jpg
New Design Car Backseat Storage Bags Accessories Foldable Leather Car Back Seat Organizer For Universal Cars,https://www.alibaba.com/product-detail/New-Design-Car-Backseat-Storage-Bags_1601733538020.html?priceId=ac791e0f2ab54203af123379ae58084e,"1,791-2,141",100,https://s.alicdn.com/@sc04/kf/Hbcbff92b9b9940e4a50fcba76c2dcf525.jpg_300x300.jpg
Car Interior Accessories Universal Steering Wheel Booster Acrylic Car Steering Wheel Ball-shaped Spinner Knob for Most Cars,https://www.alibaba.com/product-detail/Car-Interior-Accessories-Universal-Steering-Wheel_1601360501553.html?priceId=ac791e0f2ab54203af123379ae58084e,"1,342-1,560",20,https://s.alicdn.com/@sc04/kf/H9caa4a34f25f48bfb070aa6862d2a98cB.jpg_300x300.jpg
70W Portable Handheld Car Vacuum Cleaner Mini 12V DC Electric Auto Vacuum Cleaner With Cord Small Car Vacuum Cleaner,https://www.alibaba.com/product-detail/70W-Portable-Handheld-Car-Vacuum-Cleaner_1601111737447.html?priceId=ac791e0f2ab54203af123379ae58084e,"1,170-1,236",1,https://s.alicdn.com/@sc04/kf/Hf87d9b438809466a882196b2e8438350U.jpg_300x300.jpg
Auto Car Accesorios Lamp Bumper Mirror Grille Door Auto Spare Parts for Dongfeng Voyah Free Dreamer,https://www.alibaba.com/product-detail/Auto-Car-Accesorios-Lamp-Bumper-Mirror_1601323422338.html?priceId=ac791e0f2ab54203af123379ae58084e,"12,479-15,598",10,https://s.alicdn.com/@sc04/kf/H451fdab8caac44bc9ee9ccd624ad5c91L.png_300x300.png
New Style Luxury Durable Nappa Leather Car Back Seat Car Organizer For Universal Cars,https://www.alibaba.com/product-detail/New-Style-Luxury-Durable-Nappa-Leather_1601734646552.html?priceId=ac791e0f2ab54203af123379ae58084e,"1,214-2,084",100,https://s.alicdn.com/@sc04/kf/Hf4554575d3b04e719a480bb57375ffa87.jpg_300x300.jpg
Car Interior Accessories Seat Armrest Console USB Wireless Charger W447 V250 Vclass Car Armrest Console Box for Vito,https://www.alibaba.com/product-detail/Car-Interior-Accessories-Seat-Armrest-Console_1601653363433.html?priceId=ac791e0f2ab54203af123379ae58084e,"280,759-305,715",1,https://s.alicdn.com/@sc04/kf/H90b0933d7b094ce0ad6d5aa35af4d7abI.jpg_300x300.jpg
Traceless No Residue Vacuum Adsorption Zinc Alloy Magnetic Car Phone Stand 360 Adjustable Suction Cup Bracket Support Custom OEM,https://www.alibaba.com/product-detail/Traceless-No-Residue-Vacuum-Adsorption-Zinc_1601442188855.html?priceId=ac791e0f2ab54203af123379ae58084e,"968-1,092",1,https://s.alicdn.com/@sc04/kf/Hfd24e7c90d31461a907d0ac4ba561f98G.jpg_300x300.jpg
PAX Premium Durable Car Matt Holder Toyota Rav4 2015-2016 Wall Mounted Galvanized Steel 20x10.5x3.5cm 1 Year Warranty Long Shelf,https://www.alibaba.com/product-detail/PAX-Premium-Durable-Car-Matt-Holder_1601576595543.html?priceId=ac791e0f2ab54203af123379ae58084e,"2,496-3,120",1,https://s.alicdn.com/@sc04/kf/Ha63adceecfe64f319edcc451cf6fe483Q.jpg_300x300.jpg
Car Seat Back Organizer Foldable Small Dining Table Storage Bag Cross-Border Multi-Functional Universal,https://www.alibaba.com/product-detail/Car-Seat-Back-Organizer-Foldable-Small_1601733556033.html?priceId=ac791e0f2ab54203af123379ae58084e,"1,532-2,527",100,https://s.alicdn.com/@sc04/kf/H4f62a364fc8044fd8e08f25088752b1bK.jpg_300x300.jpg
Aromatherapy Gypsum Pendant Air Purifier with Camellia Fragrance and Fresh Air Function for Rearview Mirror,https://www.alibaba.com/product-detail/Aromatherapy-Gypsum-Pendant-Air-Purifier-with_1601795910718.html?priceId=ac791e0f2ab54203af123379ae58084e,94-110,4,https://s.alicdn.com/@sc04/kf/H3b2b5a63fbb14df79cb75649e297fa95i.png_300x300.png
Universal Mini Strong Magnetic Car Mount Durable Air Vent Car Gps Mount Holder Custom Logo Portrait And Landscape Car Phone Rack,https://www.alibaba.com/product-detail/Universal-Mini-Strong-Magnetic-Car-Mount_1600936282847.html?priceId=ac791e0f2ab54203af123379ae58084e,287-309,2,https://s.alicdn.com/@sc04/kf/H6d214ee131524a7f9828625731b8b3eaZ.jpg_300x300.jpg
High Quality BYD All Series Auto Spare Parts-Factory Price 6 Months Warranty,https://www.alibaba.com/product-detail/High-Quality-BYD-All-Series-Auto_1601674049170.html?priceId=ac791e0f2ab54203af123379ae58084e,"30,416",4,https://s.alicdn.com/@sc04/kf/H9f31be6ad046421db63256d0b1b1fe1bo.png_300x300.png
Factory Direct Welder Manufacturer Custom Popular Portable Welding Machine AC220V/110V Single Board Arc Welder For Home Ues,https://www.alibaba.com/product-detail/Factory-Direct-Welder-Manufacturer-Custom-Popular_1601841595198.html?priceId=ac791e0f2ab54203af123379ae58084e,"5,148-7,019",1,https://s.alicdn.com/@sc04/kf/H2dd55459d6d64ee2bec05aadecc0edb9M.jpg_300x300.jpg
"Main Business: for Wholesale of New Original Parts for Audi, Volkswagen, Porsche, Mercedes Benz, BMW, Bentley 5-year Warranty",https://www.alibaba.com/product-detail/Main-Business-for-Wholesale-of-New_1601599259536.html?priceId=ac791e0f2ab54203af123379ae58084e,"5,928-6,240",6,https://s.alicdn.com/@sc04/kf/He9ddc319c1c04204ac64c3f882ba4443S.jpg_300x300.jpg
Strong Magnetic 15W Wireless Fast Charging Car Phone Holder 360 Degree Rotation Mgsafe Mount Air Vent For IPhone 16 17,https://www.alibaba.com/product-detail/Strong-Magnetic-15W-Wireless-Fast-Charging_1601653595393.html?priceId=ac791e0f2ab54203af123379ae58084e,840-902,2,https://s.alicdn.com/@sc04/kf/H047fe7ef6b324f60b76a3b7ec64f621e4.jpg_300x300.jpg
420gsm No Scratch Edgeless Soft Microfiber Car Wash Cleaning Cloth Pearl Type Auto Polishing Waxing Towel,https://www.alibaba.com/product-detail/420gsm-No-Scratch-Edgeless-Soft-Microfiber_1600338212740.html?priceId=ac791e0f2ab54203af123379ae58084e,278-481,4000,https://s.alicdn.com/@sc04/kf/Hfa15b2de9e8645d6a8bbf7945df5ad2fX.jpg_300x300.jpg
Retail Package USB PD 3.1A Aluminum Custom Fast Charging Cellphone Car Charger QC2.0 Type C Led Car Charger,https://www.alibaba.com/product-detail/Retail-Package-USB-PD-3-1A_1601009469287.html?priceId=ac791e0f2ab54203af123379ae58084e,238,10,https://s.alicdn.com/@sc04/kf/H0dbbfbd055b148e6a77fde67b3c94606M.png_300x300.png
ar Phone Holder Dashboard Suction Cup Mount Universal GPS Navigation Bracket PU Pad Anti-Slip No-Drill Car,https://www.alibaba.com/product-detail/ar-Phone-Holder-Dashboard-Suction-Cup_1601892199835.html?priceId=ac791e0f2ab54203af123379ae58084e,344-515,1,https://s.alicdn.com/@sc04/kf/H6ab56304066d4f12bab278fe9a31c4ef7.jpg_300x300.jpg
LUMIKNIGHT New Arrival Tricolor High Power 160W 36000LM 6500K H4 Universal Fitment Remote Control Car LED Headlight Fog Lamp,https://www.alibaba.com/product-detail/LUMIKNIGHT-New-Arrival-Tricolor-High-Power_1601836198817.html?priceId=ac791e0f2ab54203af123379ae58084e,"2,184-2,496",400,https://s.alicdn.com/@sc04/kf/H906145b92a6c40cb80ae8c352f6289c4s.jpg_300x300.jpg
Manufacturer Direct Sales Car Interior Aromatherapy Ornament Plastic Air Outlet Clip with Fixed Aromatherapy,https://www.alibaba.com/product-detail/Manufacturer-Direct-Sales-Car-Interior-Aromatherapy_1601360412137.html?priceId=ac791e0f2ab54203af123379ae58084e,309-375,2,https://s.alicdn.com/@sc04/kf/H531a4da34d0245939fb19c56eecc8954A.jpg_300x300.jpg
China ISO Manufacturer Customized Precision Casting CNC Machining Forging Services For Auto Parts Aluminum/Magnesium/Zinc,https://www.alibaba.com/product-detail/China-ISO-Manufacturer-Customized-Precision-Casting_1601124988800.html?priceId=ac791e0f2ab54203af123379ae58084e,"1,280-1,716",1,https://s.alicdn.com/@sc04/kf/Hf2db1f2fb210495c9fa51d78d4875d61I.jpg_300x300.jpg
Bling Car Accessories Set 27Pcs Rhinestone Crystal Steering Wheel Cover Luxury Women Car Interior Decoration Trim Kit,https://www.alibaba.com/product-detail/Bling-Car-Accessories-Set-27Pcs-Rhinestone_1601821141006.html?priceId=ac791e0f2ab54203af123379ae58084e,"7,331-7,487",1,https://s.alicdn.com/@sc04/kf/H6135d33005e845c19b0b86a8952e63f7g.jpg_300x300.jpg
Luminous Tire Valve Cap Car Wheel Dust Cover Decoration Glow in the Dark Car Tire Valve Covertire Cap Valve,https://www.alibaba.com/product-detail/Luminous-Tire-Valve-Cap-Car-Wheel_1601214928282.html?priceId=ac791e0f2ab54203af123379ae58084e,25,200,https://s.alicdn.com/@sc04/kf/H033285655511420bbca43dc715806845c.jpg_300x300.jpg
General Motors Seat Belt Shoulder Pad Comfort Leather Seat Belt Protective Shoulder Cover Car Accessories Interior Decoration,https://www.alibaba.com/product-detail/General-Motors-Seat-Belt-Shoulder-Pad_1601447665779.html?priceId=ac791e0f2ab54203af123379ae58084e,468,20,https://s.alicdn.com/@sc04/kf/H25015f2734e246bda1dab4f630a3c9a0L.jpg_300x300.jpg
Redsea LED Headlights R39 360W 36000LM LED Lamp Luces LED Lights Car H3 H4 H7 H11 9004 9005 9006 9007 LED Headlight Bulbs,https://www.alibaba.com/product-detail/Redsea-LED-Headlights-R39-360W-36000LM_1601228144590.html?priceId=ac791e0f2ab54203af123379ae58084e,"2,184-2,652",2,https://s.alicdn.com/@sc04/kf/Hf875fb3b4bd44603a65d07d764f63dddD.png_300x300.png
Universal Aluminum Alloy Auto Car Truck Interior Door Lock Button Knob Cap Pull Pin Safety Door Lock Buckle,https://www.alibaba.com/product-detail/Universal-Aluminum-Alloy-Auto-Car-Truck_1601703228446.html?priceId=ac791e0f2ab54203af123379ae58084e,47-203,2,https://s.alicdn.com/@sc04/kf/Hfd223f5de5db4db3a3e43b6e5d4ebac1p.jpg_300x300.jpg
15 Cubic Feet High Quality Durable Waterproof Folding Car Roof Top Bag For Traveling With Large Capacity,https://www.alibaba.com/product-detail/15-Cubic-Feet-High-Quality-Durable_1600351096170.html?priceId=ac791e0f2ab54203af123379ae58084e,"8,267",3,https://s.alicdn.com/@sc04/kf/H1cb9612c425b4623baee000c114ca463Y.jpg_300x300.jpg
MagivocaseSilicone High-end Car Key Cover Auto Accessories Fits Chevrolet Cruze Malibu Trax Remote Key Protective Case,https://www.alibaba.com/product-detail/MagivocaseSilicone-High-end-Car-Key-Cover_1601856400715.html?priceId=ac791e0f2ab54203af123379ae58084e,147,10,https://s.alicdn.com/@sc04/kf/Hb1ea8f9e65f04fc8a37a336c958f525dj.jpg_300x300.jpg
D3 Universal Compact 2P Copper LED Lighting Pluggable Non-Stripped Wire Connectors 3-In-3-Out Spring Wire Terminals Car GPS,https://www.alibaba.com/product-detail/D3-Universal-Compact-2P-Copper-LED_1601798447160.html?priceId=ac791e0f2ab54203af123379ae58084e,44,5000,https://s.alicdn.com/@sc04/kf/Hffa6ff85467744289ae301ce15e80e2eu.jpg_300x300.jpg
Auto Accessories Interior Decoration Car Inner Door Trim Cover Sticker for Toyota Hilux 2015 to 2023,https://www.alibaba.com/product-detail/Auto-Accessories-Interior-Decoration-Car-Inner_1601817049592.html?priceId=ac791e0f2ab54203af123379ae58084e,"3,744",10,https://s.alicdn.com/@sc04/kf/H70c3acdfd03742a7b84760399c345a54q.jpg_300x300.jpg
Supro Auto Start Gyro Wrist Ball Mechanical Power Wrist Trainer LED Light Forearm Grip Strength Training Fitness Power Ball,https://www.alibaba.com/product-detail/Supro-Auto-Start-Gyro-Wrist-Ball_1601841618332.html?priceId=ac791e0f2ab54203af123379ae58084e,656-724,300,https://s.alicdn.com/@sc04/kf/Hcfa95f30c6f5463393254648aca48f166.jpg_300x300.jpg
2023 Car Interior Accessories Luxury Seat Control System Switches With Harness Set,https://www.alibaba.com/product-detail/2023-Car-Interior-Accessories-Luxury-Seat_1600902801708.html?priceId=ac791e0f2ab54203af123379ae58084e,"27,452-32,756",1,https://s.alicdn.com/@sc04/kf/H36b984c09b654b45b5f70233d9d1d59fY.jpg_300x300.jpg
Auto Accessories Universal Comfortable Suede Cloth U Shaped Pillow Car Seat Headrest Car Headrest Neck Pillow Support,https://www.alibaba.com/product-detail/Auto-Accessories-Universal-Comfortable-Suede-Cloth_1600240385759.html?priceId=ac791e0f2ab54203af123379ae58084e,"2,059-2,714",1,https://s.alicdn.com/@sc04/kf/H333ca18b25414e1c9381eed552d730e6z.jpg_300x300.jpg
Wholesale Accent 2015-2016 Auto Modified Upgrade Accessories Full Set Car Body Exterior Kit ABS Material Black/Chrome High,https://www.alibaba.com/product-detail/Wholesale-Accent-2015-2016-Auto-Modified_1601736510927.html?priceId=ac791e0f2ab54203af123379ae58084e,"12,479-16,222",20,https://s.alicdn.com/@sc04/kf/H3f717e166d1e45c6b332fdfc4a3bb47fW.jpg_300x300.jpg
High Quality 2K Car Camera Dashcam Dash Cam Wifi with GPS Tracking for Vehicle and Taxi,https://www.alibaba.com/product-detail/High-Quality-2K-Car-Camera-Dashcam_11000024441645.html?priceId=ac791e0f2ab54203af123379ae58084e,"12,135-15,255",2,https://s.alicdn.com/@sc04/kf/Aec9a786944ea4203aeb29454e3f082c7u.jpg_300x300.jpg
Car Accessories Vehicle Auto Spare Parts for VW E-lavida Exterior Accessories,https://www.alibaba.com/product-detail/Car-Accessories-Vehicle-Auto-Spare-Parts_1601202079845.html?priceId=ac791e0f2ab54203af123379ae58084e,"20,589",2,https://s.alicdn.com/@sc04/kf/H8187e73ea58f4aa285d0c1a549801d5av.png_300x300.png
12V 6A Intelligent Pulse Repair Charger LCD Display QC2.0 SCP 100W/120w Smart Fireproof Lead Acid Available EU/US,https://www.alibaba.com/product-detail/12V-6A-Intelligent-Pulse-Repair-Charger_1601404658991.html?priceId=ac791e0f2ab54203af123379ae58084e,"1,311",60,https://s.alicdn.com/@sc04/kf/He83da44ee482489b9b2b799649f56065a.jpg_300x300.jpg
Junsun Universal Car Wireless Steering Wheel Control Button for for Android Autoradio Key Functions Controller With LED Light,https://www.alibaba.com/product-detail/Junsun-Universal-Car-Wireless-Steering-Wheel_1601278278744.html?priceId=ac791e0f2ab54203af123379ae58084e,"3,713",1,https://s.alicdn.com/@sc04/kf/H44c5ac1eb2124a23a716e45f83db2bec8.jpg_300x300.jpg
Factory Compatible Leather Car Neck Pillow Memory Foam Headrest Soft Breathable Auto Seat Neck Support Cushion Universal Fit,https://www.alibaba.com/product-detail/Factory-Compatible-Leather-Car-Neck-Pillow_1601833422117.html?priceId=ac791e0f2ab54203af123379ae58084e,"1,245",10,https://s.alicdn.com/@sc04/kf/H39f400b1db3c493eafd73fadcb4a4fber.jpg_300x300.jpg
Car Interior Decoration Accessories 20pcs/Set Bling Auto Inside Phone Holder Cup Mat Hook Engine Cover Sunglasses Holder,https://www.alibaba.com/product-detail/Car-Interior-Decoration-Accessories-20pcs-Set_1601889741813.html?priceId=ac791e0f2ab54203af123379ae58084e,"2,652-2,808",10,https://s.alicdn.com/@sc04/kf/H7d76a736b5ca45ebbe4893ad79a511c33.jpg_300x300.jpg
Atlantic 2T Special Full Synthetic 2-Stroke Motorcycle/Scooter Engine Automotive Lubricant JASO FD API TC Low Smoke,https://www.alibaba.com/product-detail/Atlantic-2T-Special-Full-Synthetic-2_50005885440.html?priceId=ac791e0f2ab54203af123379ae58084e,219-437,10000,https://s.alicdn.com/@sc04/kf/Sbbacafc32d1e459ba8c0f6d2dd924773l.jpg_300x300.jpg
ES Carbon Fiber Car Accessories for BMW F20 F21 F22 F23 F30 F34 Auto Gear Shift,https://www.alibaba.com/product-detail/ES-Carbon-Fiber-Car-Accessories-for_1600188337532.html?priceId=ac791e0f2ab54203af123379ae58084e,"7,269",1,https://s.alicdn.com/@sc04/kf/Hd5b6a87178f6423ba6ab94ff17dc386fi.jpg_300x300.jpg
21600LM LED Headlight Bulb 180W Car Lamp H4 H7 H11 Super Bright 6500K White Auto Headlight Kit,https://www.alibaba.com/product-detail/21600LM-LED-Headlight-Bulb-180W-Car_1601859993832.html?priceId=ac791e0f2ab54203af123379ae58084e,"7,799-8,735",40,https://s.alicdn.com/@sc04/kf/Hece18357af464b1b81b2bf5e02a98674i.jpg_300x300.jpg
