Title,Price,Min Order,Img,Link
12.3 Inch Android Car Stereo For Audi Q5 SQ5 LHD 2017-2020 Octa Core 4+64GB 1920x720p Fully-laminated Screen Global 4G CE-XTRONS,"PKR 92,651", 1 piece,./Alibaba.com_files/Hb812b62b03ed490b81ff7f0ccbe3e266p.jpg_300x300.jpg,https://ugsage.en.alibaba.com/company_profile.html
Universal Automobile Accessory Car Seat Cover Full Set,"PKR 1,966-3,058", 200 sets,./Alibaba.com_files/Hd08fd5530e7b425d932f7f3cd3f1e2f65.jpg_300x300.jpg,https://treasurelandcar.en.alibaba.com/company_profile.html
600gsm Car Accessories Quick Dry Absorbent Twisted Loop Microfiber Car Drying Towel for Auto Detailing Cleaning Cloth,PKR 287, 100 pieces,./Alibaba.com_files/Hc807b3cfc4234b58b6ebbfb5ccb09200j.jpg_300x300.jpg,https://bestdetail.en.alibaba.com/company_profile.html
Car Sun Shade Accessories Universal Hot Sale Car Windshield Sunshade Relax Over the Summer,"PKR 780-6,708", 20 pieces,./Alibaba.com_files/Hf0472020610046c7b38842b2bc6c10b3p.jpg_300x300.jpg,https://zzhdqc.en.alibaba.com/company_profile.html
New Design Car Backseat Storage Bags Accessories Foldable Leather Car Back Seat Organizer For Universal Cars,"PKR 1,791-2,141", 100 pieces,./Alibaba.com_files/Hbcbff92b9b9940e4a50fcba76c2dcf525.jpg_300x300.jpg,https://mubcarproduct.en.alibaba.com/company_profile.html
New Car Accessory USB with Dual Heads Flexible Hose for Rear Seat Foldable Car Interiors Car Fans Accesorios Para Automovil,"PKR 1,560-1,716", 50 pieces,./Alibaba.com_files/H311cd55632f849008f79d551a5844f4dI.jpg_300x300.jpg,https://yatetech.en.alibaba.com/company_profile.html
Auto Accessories Car Seat Cover Universal PU Leather Seat Protector Full Set,"PKR 10,919", 4 pieces,./Alibaba.com_files/H3a85140317604dda906c7f96cfb94184Q.jpg_300x300.jpg,https://yeahsun.en.alibaba.com/company_profile.html
Selling Comfortable New Design Car Autos Accessories Interior Decorative Leather Car Seat Cover,"PKR 1,092-1,716", 200 sets,./Alibaba.com_files/H38c1dfe1bfa94dc5a734945c55d7e76bP.jpg_300x300.jpg,https://shineauto.en.alibaba.com/company_profile.html
Car Cover Car Accessories 2025 Accessory Car Windshield Cover Outdoor Sunshade Windshield protection Film Sunshade Cover,PKR 406, 20 pieces,./Alibaba.com_files/Hb427899a03364989accd63ad24f28391E.jpg_300x300.jpg,https://rongyue.en.alibaba.com/company_profile.html
3R Car Accessories Auto Interior Accessories Phone Car Holder Air Vent Mobile Mount for Car,PKR 874, 50 pieces,./Alibaba.com_files/Hbdfd0eb439bc4a5bae1b486cb885f8c6E.png_300x300.png,https://3rhb.en.alibaba.com/company_profile.html
"Full Set Car Interior Accessories Cellphone Holder , Car Charger, Valve Caps","PKR 1,872", 20 pieces,./Alibaba.com_files/H76d3052199624cea9e59ed659388059am.jpg_300x300.jpg,https://xfautopart.en.alibaba.com/company_profile.html
Fascinating Price New Type Interior Accessories Car Beauty Durable Auto Parts,"PKR 6,065", 50 pieces,./Alibaba.com_files/H90ce9324fb294cdd9d04ab2ae61a8b3d9.jpg_300x300.jpg,https://mlf888.en.alibaba.com/company_profile.html
Car Front Laser Sunshade Interior Accessories for Cars Interior Accessories,"PKR 3,089", 1 piece,./Alibaba.com_files/Hbf5949051fd2472bb1dfcb9126c66256w.jpg_300x300.jpg,https://nmart.en.alibaba.com/company_profile.html
Car Accessories Full Set Luxury Auto High Quality Universal Leather Car Seats Cover,"PKR 8,423-9,983", 20 sets,./Alibaba.com_files/Hf9a040d274424442b4cb17e44a5369d6L.jpg_300x300.jpg,https://cnfzx.en.alibaba.com/company_profile.html
Autos Oto Aksesuar Voiture Polishing Detailing Car Washing Car Accessory Automotive Accessories for Car,"PKR 312-1,560"," 2,400 pieces",./Alibaba.com_files/U6a07ef0149d3448e92b78f4766e6c6fe3.jpg_300x300.jpg,https://gzautoman.en.alibaba.com/company_profile.html
Car Accessories Interior Decoration PU Leather Front Seat Covers 9pcs Universal for Ford All-Season Easy Install Full 5% VLT,"PKR 10,205-13,337", 1 piece,./Alibaba.com_files/Hfd51a6c335394446b3109ee59e0fc5fbk.png_300x300.png,https://sleepfeel.en.alibaba.com/company_profile.html
Universal Style LED Steering Wheel Car Accessories for Sport Driving Business Luxury Decoration,"PKR 93,275", 1 piece,./Alibaba.com_files/H1ab4c38835064348a4326f0b828da5c2W.png_300x300.png,https://gzqirui666.en.alibaba.com/company_profile.html
Hot Selling Comfortable New Design Car Autos Accessories Interior Decorative Car Seat Cover,PKR 437-624, 500 pieces,./Alibaba.com_files/H057733bc30934eb9b56c63cafaea98aeK.jpg_300x300.jpg,https://bestneoprene.en.alibaba.com/company_profile.html
New Factory Car Interior Accessories Car Phone Holder,PKR 281-344, 500 pieces,./Alibaba.com_files/H3c26f99b6c294900addb73aa6d081946y.png_300x300.png,https://anma.en.alibaba.com/company_profile.html
2 in 1 Universal Rotation Auto Gadget Accessories Strong Hanger Car Vehicle Back Seat Headrest Hook with Magnet Phone Holder,PKR 456, 100 pieces,./Alibaba.com_files/H88ec05a8ebd7408b85c91c476b26026dm.jpg_300x300.jpg,https://malubly.en.alibaba.com/company_profile.html
New Car Interior Accessories Decoration Car Seat Cover Universal Luxury Sport PVC Car Seat Covers,"PKR 18,718", 200 sets,./Alibaba.com_files/H3341c93a60bf462abb9ed5ae1b80ea87n.jpg_300x300.jpg,https://cneasylin.en.alibaba.com/company_profile.html
Car Interior Accessories Protective Car Leather Seat Cover Luxury Car Seat Cover,"PKR 8,423-9,983", 100 pieces,./Alibaba.com_files/H87a1b0543bb64475bf9bf7c91c0e221a3.jpg_300x300.jpg,https://weikai15630252536.en.alibaba.com/company_profile.html
Car Accessories Shift Gear Car Gear Shift Knob Crystal Universal Auto Accessory Various Colors Available,"PKR 1,342", 5 pieces,./Alibaba.com_files/H482c0aec48b74e72bd1f4e8f4a0048caq.jpg_300x300.jpg,https://toujia.en.alibaba.com/company_profile.html
China Wholesale Car Accessories Interior Decorative Universal Phone Holder for Car,PKR 687, 2 pieces,./Alibaba.com_files/HLB1N5gxUZfpK1RjSZFOq6y6nFXat.jpg_300x300.jpg,https://joyart-auto.en.alibaba.com/company_profile.html
Car Interior Accessories Luxury Leather Car Seat Covers Set Universal Size Auto Accessories for Mercedes benz bmw audi tesla Kia,"PKR 6,860", 10 sets,./Alibaba.com_files/H09e6d089af6b47baae1395b27a5488a4J.jpg_300x300.jpg,https://changdaoalibaba.en.alibaba.com/company_profile.html
Factory Price Luxury Car Interior Accessories Universal Leather Car Seat Cover Set for Interior Decoration,"PKR 8,985-10,233", 10 sets,./Alibaba.com_files/H40146fe6a80c45cdbd2d7132015c2da4N.jpg_300x300.jpg,https://bestop168.en.alibaba.com/company_profile.html
Durable Car Trunk Accessories Multipurpose Car Storage Accessories,"PKR 2,995-3,370", 1 pack,./Alibaba.com_files/H6a9250c4a9d94207948c2cfe4ffe335ad.jpg_300x300.jpg,https://rownfur.en.alibaba.com/company_profile.html
Universal 3D Automotive Interior Accessories Full Set Cover Breathable Cushion Cover for Car Seat,"PKR 11,543-12,167", 1 piece,./Alibaba.com_files/Hb05ac496f764488db02cb395cc5026bdf.png_300x300.png,https://tzshengdi.en.alibaba.com/company_profile.html
Hot Selling Luxury Full Set Car Accessories Universal Fit Waterproof Non-Slip Leather Cushion Breathable Sports Style Durable,"PKR 10,607-12,479", 1 piece,./Alibaba.com_files/H375da9a238c4495586fe1641e2c0cc61V.jpg_300x300.jpg,https://mico2025.en.alibaba.com/company_profile.html
High Grade Car Accessories All Season Muti-Color Universal Car Steering Wheel Covers,"PKR 1,407", 2 pieces,./Alibaba.com_files/H4ddaee1d93714e40b35ef0026e38b704U.png_300x300.png,https://firetree.en.alibaba.com/company_profile.html
Car Interior Accessories Universal Size Luxury Leather Car Seat Cover Full Set for Mercedes Benz Bmw,"PKR 4,056-4,680", 500 sets,./Alibaba.com_files/H8e757d717a3646538d86828a0eb9029bx.jpg_300x300.jpg,https://yusichina.en.alibaba.com/company_profile.html
Hot Sale Auto Gadget Accessory Universal Rotation Car Vehicle Back Seat Headrest Hook Magnet Phone Holder ABS Material Camry,PKR 384-456, 10 pieces,./Alibaba.com_files/Hf5d5ff81a1b44b8b9cace80ed8167e7bv.jpg_300x300.jpg,https://carclean.en.alibaba.com/company_profile.html
High Quality ABS Car Accessories Luxury PP Silver Grey Easy Install Stylish for All Cars,"PKR 1,685-1,966", 300 sets,./Alibaba.com_files/H800caca2752349e9954a243dc8957f77G.jpg_300x300.jpg,https://autoallchina.en.alibaba.com/company_profile.html
M4 Luxury 9pcs PVC Car Seat Cover Combo with 2mm Foam Premium Vehicle Interior Accessory,"PKR 2,808-3,432", 500 sets,./Alibaba.com_files/HTB1azhybsfrK1Rjy1Xdq6yemFXaI.jpg_300x300.jpg,https://shm4.en.alibaba.com/company_profile.html
Carfu Car Accessories Factory Direct-Sale Car Auto Accessories Universal Day and Night Use Car Window Sun Visor,"PKR 999-1,155", 100 pieces,./Alibaba.com_files/H0fd915107e4541698464495227147ff8E.png_300x300.png,https://sdcarfu.en.alibaba.com/company_profile.html
8-Piece Set Diamond-Encrusted Car Accessory For Universal car Car Steering Wheel Cover Gear Shift Rearview Mirror Seat Belt kit,"PKR 2,808-2,964", 10 sets,./Alibaba.com_files/H9dac6f812f374d2cbd77fb3b6b02e488Z.png_300x300.png,https://huihou.en.alibaba.com/company_profile.html
Hot Selling Malaysia Size Auto Parts Silver Plastic Car Accessories 33cm*8cm*1.2cm,PKR 562-593, 200 pieces,./Alibaba.com_files/H986b4dcd0ecd4228916f4f1443ad65ce5.jpg_300x300.jpg,https://gzyoutai.en.alibaba.com/company_profile.html
Car Interior Decoration Accessories 20PCS/Set Bling Auto Inside Phone Holder Cup Mat Hook Engine Cover Sunglasses Holder,"PKR 2,371-2,521", 5 pieces,./Alibaba.com_files/H39e9665031b547ad9f5f4ca111f1f392W.jpg_300x300.jpg,https://timbear.en.alibaba.com/company_profile.html
Comprehensive PU Car Accessory Set by Marcan Factory Direct Pricing,"PKR 5,928", 20 sets,./Alibaba.com_files/Hc535fa732eb14828a3854750f61cbf9bx.jpg_300x300.jpg,https://yeshicar.en.alibaba.com/company_profile.html
Interiors Car Accessories Leather Luxury Universal Car Seat Covers for Mustang Seat Covers,"PKR 6,489-7,425", 10 sets,./Alibaba.com_files/H246beadb684840ce860411e5c155124au.jpg_300x300.jpg,https://nbyawang.en.alibaba.com/company_profile.html
Stylish Crystal Rhombus 3 Spoke PU Material Universal Fit Shiny Steering Wheel Cover Auto Interior Accessories,"PKR 1,198", 20 pieces,./Alibaba.com_files/Hfaa5c4eeeb4e4f70b76be1adccff9f95A.png_300x300.png,https://hzsjg.en.alibaba.com/company_profile.html
For Luxury Leather Car Seat Covers with Complete Protection for Any Car Model-All Season Interior Accessories,"PKR 20,589-27,764", 10 sets,./Alibaba.com_files/H15ccdc4d92ae44e69f16481b6ea41eabv.jpg_300x300.jpg,https://lingyuecp.en.alibaba.com/company_profile.html
3pcs Car Accessories Set for Women Steering Wheel Cover Gear Shift Cover Armrest Pad Mat Bling Auto Diamond Decoration Styling,"PKR 1,404-1,716", 2 pieces,./Alibaba.com_files/Hefc4930451c24982b4547da0980cbf41q.png_300x300.png,https://xingyuecar.en.alibaba.com/company_profile.html
New Product Design Car Interior Accessories Car Seat Cover Silicone for Car,"PKR 2,418-2,658", 50 sets,./Alibaba.com_files/Hdbfb79293b274ffeb8f4a8a55028a972i.jpg_300x300.jpg,https://tewin.en.alibaba.com/company_profile.html
Luxury 5D Four Season Universal Car Seat Cover Breathable Full Set Leather Cushion with Polyester Car Accessories,"PKR 11,855", 1 piece,./Alibaba.com_files/H796267053a454721ba3378a5bc27ed2f0.jpg_300x300.jpg,https://ningbomaker.en.alibaba.com/company_profile.html
Wholesale Hot Selling Phone Car Cup Holder Vehicle Interior Carbon Fiber for Car Accessories Auto Accessories,"PKR 1,136", 10 pieces,./Alibaba.com_files/H1c4ab938ac2e4e978859565d4eeafdd1U.jpg_300x300.jpg,https://qusart.en.alibaba.com/company_profile.html
Car Interior Accessories Universal Steering Wheel Booster Acrylic Car Steering Wheel Ball-shaped Spinner Knob for Most Cars,"PKR 1,342-1,560", 20 pieces,./Alibaba.com_files/H9caa4a34f25f48bfb070aa6862d2a98cB.jpg_300x300.jpg,https://wneracing.en.alibaba.com/company_profile.html
Universal Car Decorative Auto Accessories Manual Auto Car Carbon Fiber Gear Shift Knob Round Ball Shape with Adapter for Car,"PKR 2,340", 10 sets,./Alibaba.com_files/H7fc1e982e23341238643176745e2c4abG.jpg_300x300.jpg,https://rastp.en.alibaba.com/company_profile.html
