Title,Image,Price,Discount,Origin
"Vivo Y17s - 6.56 Inches HD+ Display - Dual Sim Official PTA Approved - 8GB RAM - 256GB ROM (128GB USABLE + 128GB SYSTEM RESERVED) - Phone Only, Color Mix",./Buy Smart Phones Online at Best Price in Pakistan - Daraz.pk_files/0cce8e78c5572ee0c45f173259914f26.jpg_400x400q75.avif,"Rs. 23,999",20% Off,Sindh
Kyocera Basio 4 - 5.6 Inches AMOLED Display - 3GB RAM + 32GB ROM - Single Sim PTA Approved - Android 10 (12 Upgradable) - Japanese Phone - Phone with Charger (No box - Color Mix),./Buy Smart Phones Online at Best Price in Pakistan - Daraz.pk_files/3f6bcb746aa0d7e38213dd85241011f4.jpg_400x400q75.avif,"Rs. 13,499",33% Off,Sindh
Rugged phone/unbreakable waterproof Smartphone | 4G n side finger unlock|  | Shockproof | Long Battery Life | Android Mobile Phone,./Buy Smart Phones Online at Best Price in Pakistan - Daraz.pk_files/S51bc01b6a92a41e5b1bb69752f31fe6aZ.jpg_400x400q75.avif,"Rs. 8,500",Coins save Rs. 425,Sindh
"Vivo Y17s - 6.56 Inches HD+ Display - Dual Sim Official PTA Approved - 8GB RAM - 256GB ROM (128GB USABLE + 128GB SYSTEM RESERVED) - Phone Only with Compaitable Charger, Color Mix",./Buy Smart Phones Online at Best Price in Pakistan - Daraz.pk_files/dd4bc0e26b922681f74075178d1d5a22.png_400x400q75.avif,"Rs. 23,700",21% Off,Sindh
Vivo Y19s | 6GB+128GB | 90Hz Screen | 5500mAh Long Battery | Android 14 | PTA Approved,./Buy Smart Phones Online at Best Price in Pakistan - Daraz.pk_files/S56264ff1ea5f413abe0d311c259554fci.jpg_400x400q75.avif,"Rs. 23,799",47% Off,7 sold
Nothing Phone CMF Phone 2 Pro 8/128GB - PTA Approved - Nothing Phone,./Buy Smart Phones Online at Best Price in Pakistan - Daraz.pk_files/9361991e4ab8e87065f70e9b6c12cd5a.jpg_400x400q75.avif,"Rs. 104,999","Coins save Rs. 3,150",Punjab
"Vivo Y20s | 8GB Ram 128GB Storage | 5000 MAH Battery + 18w Fast Charging | PTA Approve | Side FingerPrint | 6.51"" HD+ Halo Big Display | 13MP AI Triple Camera | Phone, Box, Charger | Mobile Phone On Installment",./Buy Smart Phones Online at Best Price in Pakistan - Daraz.pk_files/S46ab56292081412bb78dfda3ebbb34e22.jpg_400x400q75.avif,"Rs. 20,500",49% Off,(1)
Vivo Y66 | 100% Inspected Fresh Stock | 4GB RAM 64GB ROM(3/32 for user) | 13MP Camera | Dual Sim Approved | With Box & Charger | Premium Quality | Vivo Mobile Phone | Globally Customized,./Buy Smart Phones Online at Best Price in Pakistan - Daraz.pk_files/See7a045a0c1f4913b00b10ed8c31d8965.jpg_400x400q75.avif,"Rs. 8,549",43% Off,28 sold
Vivo Y19s - 6.74 Inches IPS LCD Display - 8+1GB RAM - 256GB Storage - Official PTA Approved - Fingerprint Sensor - (Phone and Universal Box. No Charger and No Accessories Included - Mix Color),./Buy Smart Phones Online at Best Price in Pakistan - Daraz.pk_files/54334ee4cd880d9c6b87cf6f37239d96.jpg_400x400q75.avif,"Rs. 29,999",50% Off,Sindh
"Vivo Y66 | Dual Sim | PTA Approve | 4GB Ram 64GB Storage | Long Lasting 3000 MAH Battery | Memory Card Suppirt | Vivo Box , Charger Sim Injector Tool & Phone | Vivo Mobile | Mobile Phone On Easy Installment | Whatsapp , Youtube Facebook & Tiktok Working",./Buy Smart Phones Online at Best Price in Pakistan - Daraz.pk_files/S386696c696d343c3a0941b2389a8b361V.jpg_400x400q75.avif,"Rs. 9,480",57% Off,44 sold
Nothing Phone 3A Lite 8GB/256GB - PTA Approved - Nothing Phone,./Buy Smart Phones Online at Best Price in Pakistan - Daraz.pk_files/58e662c788006722e460c8fcb5af5011.png_400x400q75.avif,"Rs. 117,899","Coins save Rs. 3,537",Punjab
Nothing Phone 3A 12/256GB - PTA Approved- Free CMF Buds 2 Nothing Phone,./Buy Smart Phones Online at Best Price in Pakistan - Daraz.pk_files/46b03338043386193d74b5f80eeb14e2.jpg_400x400q75.avif,"Rs. 157,999","Coins save Rs. 4,740",Punjab
Vivo Y17 PTA Approved Original Mobile Phone | 8GB RAM 256GB ROM | 5000mAh Battery | Dual SIM | Fingerprint | Android Smartphone | Global Variant | Like New | Box Charger Handsfree Included | Installment Available | Best Budget Phone in Pakistan,./Buy Smart Phones Online at Best Price in Pakistan - Daraz.pk_files/S9ca366e5dff74ff58cd31db8b52bf837U.jpg_400x400q75.avif,"Rs. 16,829",15% Off,15 sold
Google Pixel 8 Pro | 12GB RAM | 256GB & 128GB storage | dual sim approved | 5050 mAh battery | OLED display | 2023 model new phone without box | Al-Aswad Tech,./Buy Smart Phones Online at Best Price in Pakistan - Daraz.pk_files/Sc34f8b91c30349eeae37ea0ecb021a4b8.jpg_400x400q75.avif,"Rs. 119,999",31% Off,24 sold
Google Pixel 6a | 6GB ram | 128GB storage | dual sim approved | 4410mAh battery | original phone without box,./Buy Smart Phones Online at Best Price in Pakistan - Daraz.pk_files/Sb4af6d8f23db45b687bc433be7e4c248T.jpg_400x400q75.avif,"Rs. 52,999",22% Off,48 sold
"Vivo Y71 - 4GB RAM Big  ROM | 6.0"" HD+ Display | 3360mAh Battery | 13MP Camera | PTA Approved | Like New",./Buy Smart Phones Online at Best Price in Pakistan - Daraz.pk_files/S9e0fa8e9e47840c58b468a77eef68bb6B.jpg_400x400q75.avif,"Rs. 9,775",35% Off,Sindh
Motorola Mobile Phone Moto G Play 2024 - Tot 8GB RAM(4+4) - No Sims(WiFi Device) - Free Accessories - Android 14 - Snapdragon 680 - PubG Around 60 Fps - 50MP Camera - 5000mAh Battery - 90Hz Display - Motorola Mobile Phones Low,./Buy Smart Phones Online at Best Price in Pakistan - Daraz.pk_files/S7feb6a5607db446fbda0f67b80750271l.jpg_400x400q75.avif,"Rs. 17,849",41% Off,Sindh
"Vivo Y20s | 8GB Ram 128GB Storage | 5000 MAH Battery + 18w Fast Charging | PTA Approve | Side FingerPrint | 6.51"" HD+ Halo Big Display | 13MP AI Triple Camera | Phone, Box, Charger | Mobile Phone On Installment",./Buy Smart Phones Online at Best Price in Pakistan - Daraz.pk_files/Sec00d8ab094845f59b4e54efcbe69093c.jpg_400x400q75.avif,"Rs. 20,350",37% Off,16 sold
AQUOS R2 - 4gb/64gb - Official PTA Approved - Gamming Phone - Best for PubG,./Buy Smart Phones Online at Best Price in Pakistan - Daraz.pk_files/b142d1203f0ca08bca94b2765ef1224b.jpg_400x400q75.avif,"Rs. 30,500",3% Off,Punjab
Tecno Spark Go 3 - 4Gb Ram / 64Gb Storage - Official PTA Approved with 1 Year Official Brand Warranty.,./Buy Smart Phones Online at Best Price in Pakistan - Daraz.pk_files/S484a7069f1b041bda4f590045b277430D.jpg_400x400q75.avif,"Rs. 34,999",15% Off,Punjab
Sharp Aquos R7 - 6.6 QHD+ Display - Dual Sim Physical + E-Sim - 12GB RAM - 256GB ROM +SD Card Supported - Snapdragon 8 Gen 1 Processor - In-Screen Fingerprint (Phone Only - Box Charger Accessoires Not Included - Official PTA Approved),./Buy Smart Phones Online at Best Price in Pakistan - Daraz.pk_files/35e5cc17e045b8d5b19d41d702ea2eed.jpg_400x400q75.avif,"Rs. 64,999",35% Off,Sindh
Nothing CMF Phone 2 Pro RAM 8GB ROM 128 GB Front Camera 16 Back Camera 50+50+8 Battery 5000 mAh Brand One year Warranty,./Buy Smart Phones Online at Best Price in Pakistan - Daraz.pk_files/002a556d15f03633cf1378e4b395ed84.jpg_400x400q75.avif,"Rs. 105,000",5% Off,Punjab
Samsung Galaxy Z Fold 3 12GB RAM 256 GB ROM || FOLDABLE MOBILE PHONE || ONE YEAR BRAND WARRANTY,./Buy Smart Phones Online at Best Price in Pakistan - Daraz.pk_files/0516822a77d2804445ced6303433b1ee.jpg_400x400q75.avif,"Rs. 300,000",NA,Punjab
Oppo A31 (CPH2015) - 6.5 Inches Display - 8GB RAM - 256GB ROM (128GB Usable + 128GB System Reserved) - Dual SIM (Official PTA Approved) - 12MP+2MP+8MP Camera - Mix Color (Phone with Box Charger - No Accessories Included),./Buy Smart Phones Online at Best Price in Pakistan - Daraz.pk_files/2acae3c796cf6fc823937343573817aa.jpg_400x400q75.avif,"Rs. 19,999",20% Off,12 sold
Redmi 15C – 6GB RAM + 128GB Storage | 50MP Dual Camera | 6.9” 120Hz Display | Helio G81 Ultra | 6000mAh Battery 33W Fast Charging | Android 15 (HyperOS 2.0),./Buy Smart Phones Online at Best Price in Pakistan - Daraz.pk_files/418fde59862df1e0e46a43e3d61168ba.jpg_400x400q75.avif,"Rs. 44,999",12% Off,Punjab
Kyocera Basio 4 - 5.6 Inches AMOLED Display - 3GB RAM + 32GB ROM - Single Sim PTA Approved - Android 10 (12 Upgradable) - Japanese Phone - Phone with Charger (No box - Color Mix),./Buy Smart Phones Online at Best Price in Pakistan - Daraz.pk_files/3f6bcb746aa0d7e38213dd85241011f4.jpg_400x400q75.avif,"Rs. 13,499",33% Off,Sindh
"Vivo Y17 - 6.35 Inches IPS LCD Display - 8GB RAM - 256GB Storage - Official PTA Approved - Fingerprint Sensor - Helio P35 Processor - (Phone and Box Charger, No Accessories Included - Mix Color)",./Buy Smart Phones Online at Best Price in Pakistan - Daraz.pk_files/033e46d9f738fd1eabcb15d0af6e4cce.jpg_400x400q75.avif,"Rs. 18,999",24% Off,163 sold
"(Official PTA Approve) VivoY81 - 6.22"" HD Display - Dual Sim - 6GB RAM - 128GB ROM - Android Oreo - PTA Approved - Phone And Box Charger Only (, No Accessories Included)",./Buy Smart Phones Online at Best Price in Pakistan - Daraz.pk_files/f140bc271a14521000201ea3b71dfa40.jpg_400x400q75.avif,"Rs. 12,999",48% Off,67 sold
Vivo Y85 4gb RAM 64gb Memory  Charger and packing box,./Buy Smart Phones Online at Best Price in Pakistan - Daraz.pk_files/Se9a454d94e0b4598be3f68071ec0c541W.jpg_400x400q75.avif,"Rs. 13,999",30% Off,640 sold
"Vivo Y19 - 6.53 Inches Full HD+ Display - Dual Sim Official PTA Approved - 8GB RAM 256GB ROM (128GB Usable + 128GB System Reserved) - Dual Engine Fast Charging - (Phone + Box (Imported Box), Charger, Mix Color, 10/10 Conciditon, Impored Stock)",./Buy Smart Phones Online at Best Price in Pakistan - Daraz.pk_files/f816d377a9a99dd24a51eec7070bd237.jpg_400x400q75.avif,"Rs. 20,999",16% Off,Sindh
"Realme C12Realme C12 - 3GB RAM 32GB ROM | 6.5"" HD+ Display | 6000mAh Battery | 13MP Triple Camera | PTA Approved | Like New",./Buy Smart Phones Online at Best Price in Pakistan - Daraz.pk_files/S0605a551bc14427db496cffd6717d4fbc.jpg_400x400q75.avif,"Rs. 17,850",15% Off,Sindh
"Vivo V15 - 6.53 Inches Full HD+ Display - Dual Sim Official PTA Approved - 8GB RAM - 256GB ROM - Motorize Popup Front 32MP Camera - Dual Engine Fast Charging (Phone with Box Charger, NO Accessories) - Mix Color",./Buy Smart Phones Online at Best Price in Pakistan - Daraz.pk_files/b7690656034b5d19b9f97ab94a118fc9.jpg_400x400q75.avif,"Rs. 22,999",21% Off,Sindh
Vivo Y17 Phone | 4GB RAM 128GB Storage | 5000 MAH Battery | Dual Sim | 6 Inch Big Notch Display | FingerPrint Sensor | Fast Charging Option | PTA Approve × Memory Card Support | Box Charger & Phone | Mobile Phone On Installment,./Buy Smart Phones Online at Best Price in Pakistan - Daraz.pk_files/Sa0ddeed890cf4c03906ee35cd1eb54c3d.jpg_400x400q75.avif,"Rs. 37,667","Coins save Rs. 1,883",(1)
"Google Pixel 7A – 6.1"" QHD+ Display, 128GB, 8GB RAM, Dual Sim (Physical + E-SIM) Official PTA Approved - Imported, Phone Only (100% Original - Mix Color)",./Buy Smart Phones Online at Best Price in Pakistan - Daraz.pk_files/a3cdce1e2e13d56edb929724df050afb.jpg_400x400q75.avif,"Rs. 72,824",27% Off,Sindh
Realme 5i - 6.5 Inches HD+ Display - Dual Sim Official PTA Approved - 6GB RAM / 128GB ROM (Usable ROM 32GB) - Qualcomm Snapdragon 665 AIE Processor - (Phone with Universal Box and Charger - Mix Color),./Buy Smart Phones Online at Best Price in Pakistan - Daraz.pk_files/dfadcd972eef4a8f2b1a54e561d2a256.png_400x400q75.avif,"Rs. 17,799",29% Off,Sindh
Nothing Phone 2A RAM 12 GB ROM 256 GB Front Camera 32 MP Back Camera 50 MP+50 MP Battery 5000 mAh One Year Brand Warranty,./Buy Smart Phones Online at Best Price in Pakistan - Daraz.pk_files/da9ede43cb561b625eff15126b0d7dfb.jpg_400x400q75.avif,"Rs. 120,999",19% Off,Punjab
"[Official Approved] Oneplus Nord N10 5G (BE2029/BE2028) - Single Sim - 6.49 Inches Full HD+ 90Hrz Display - 6GB RAM + 128GB ROM - Fingerprint Sensonr - PTA Approved - 100% Original (Imported Stock, Phone Only, No Box, No Charger, No Accessories Included)",./Buy Smart Phones Online at Best Price in Pakistan - Daraz.pk_files/ef37e5ad46d324b260282727c6a6e98b.jpg_400x400q75.avif,"Rs. 30,999",23% Off,15 sold
Realme 5i - 6.52 Inches IPS LCD Display - 6GB RAM - 128GB Storage - Official PTA Approved - Fingerprint Sensor - Snapdragon 665 - (Phone And Charger Only.No Box and No Accessories Included - Mix Color),./Buy Smart Phones Online at Best Price in Pakistan - Daraz.pk_files/50f87b92b18c26540ff12e530d359748.jpg_400x400q75.avif,"Rs. 17,999",40% Off,Sindh
Moto G Stylus 2022 128GB Storage 4GB RAM Mediatek Helio G88 5000 mAh Battery 50MP Camera Mobile Phone,./Buy Smart Phones Online at Best Price in Pakistan - Daraz.pk_files/Sb739d4772c944413ad99c01949f57face.jpg_400x400q75.avif,"Rs. 44,999",10% Off,Sindh
Vivo Y91 - 6.22 Inches IPS LCD Display - 6GB RAM - 128GB Storage - Official PTA Approved - Helio P22 Processor - (Phone and Box Charger. No Accessories Included - Mix Color),./Buy Smart Phones Online at Best Price in Pakistan - Daraz.pk_files/fabac620a813939351ae184633be8f56.jpg_400x400q75.avif,"Rs. 13,999",30% Off,Sindh
