Title,Price,Image,Rating
65W PD Fast Wall Charger+Type-C Cable For Samsung Galaxy S23 S22 S21 S20 Ultra,$1.49,./Cell Phones & Smartphones _ eBay_files/s-l1600(5).webp,NA
"Ulefone Armor X13 Rugged Phone 6GB+64GB 6.52"" Android 15 6320mAh Night Vision",$159.00,./Cell Phones & Smartphones _ eBay_files/s-l1600(6).webp,NA
Samsung Galaxy S22 Ultra 5G SM-S908U 128GB 256GB 512GB Factory Unlocked ✨New✨,$344.99,./Cell Phones & Smartphones _ eBay_files/s-l1600(7).webp,4.5
"iPhone 14 Plus Mint Condition, 5G, 128GB/256GB, Free Shipping!",$239.00 - $359.00,./Cell Phones & Smartphones _ eBay_files/s-l1600(8).webp,5
NEW Samsung Galaxy S22 Ultra 5G SM-S908U 128GB/256GB/512GB Factory Unlocked,$267.01 - $348.01,./Cell Phones & Smartphones _ eBay_files/s-l1600(9).webp,4.5
Samsung Galaxy S23+ 256GB S916U Unlocked - Good,$257.99,./Cell Phones & Smartphones _ eBay_files/s-l1600(10).webp,5
NEW SEALED Samsung Galaxy S23 Ultra 5G SM-S918U 256GB/512GB Factory Unlocked,$399.66 - $449.66,./Cell Phones & Smartphones _ eBay_files/s-l1600(11).webp,4
45W Super Fast Charging USB Type C Wall Charger Cable✅Fit Samsung Galaxy S23 S22,$1.99,./Cell Phones & Smartphones _ eBay_files/s-l1600(12).webp,NA
"🔥New Samsung Galaxy S23 Ultra 5G SM-S918U 256GB/ 512GB/1T 6.8"" Factory Unlocked",$393.01 - $478.01,./Cell Phones & Smartphones _ eBay_files/s-l1600(13).webp,4.5
Samsung Galaxy S23 128GB - 5G SM-S911U1 - FACTORY UNLOCKED - EXCELLENT,$224.48 - $250.99,./Cell Phones & Smartphones _ eBay_files/s-l1600(14).webp,4.5
Samsung Galaxy S22 128GB S901U Unlocked - Good,$142.99,./Cell Phones & Smartphones _ eBay_files/s-l1600(15).webp,4.5
Samsung Galaxy Z Flip5 512GB F731U Unlocked - Good,$238.99,./Cell Phones & Smartphones _ eBay_files/s-l1600(16).webp,4.5
Samsung Galaxy S25 Ultra 512GB S938U Unlocked - Excellent,$734.99,./Cell Phones & Smartphones _ eBay_files/s-l1600(17).webp,NA
Apple iPhone 14 Mint 128GB Unlocked - Multiple Colors Available,$237.00 - $342.00,./Cell Phones & Smartphones _ eBay_files/s-l1600(18).webp,NA
Samsung Galaxy S21 5G 128/256GB - Fully Unlocked - Refurbished Excellent,$239.99,./Cell Phones & Smartphones _ eBay_files/s-l1600(19).webp,4
Samsung Galaxy S22 Ultra 5G SM-S908U 128GB 256GB 512GB Factory Unlocked ✨New✨,$344.99,./Cell Phones & Smartphones _ eBay_files/s-l1600(20).webp,4.5
Samsung Galaxy S21 5G 128GB G991U Unlocked - Good,$128.99,./Cell Phones & Smartphones _ eBay_files/s-l1600(21).webp,4.5
Apple iPhone 5s 16/32/64GB Gray/Silver/Gold Factory UNLOCKED Any carrier,$34.99 - $65.99,./Cell Phones & Smartphones _ eBay_files/s_1x2.gif,4.5
Apple iPhone 14 128GB Midnight A2649 MPUA3LL/A Unlocked Clean ESN Good (AMX),$249.95,./Cell Phones & Smartphones _ eBay_files/s-l640.webp,5
Samsung Galaxy S23 Ultra 512GB S918U Unlocked - Good,$390.99,./Cell Phones & Smartphones _ eBay_files/s-l1600(22).webp,4.5
Samsung Galaxy S25 Ultra 512GB S938U Unlocked - Open Box,$749.99,./Cell Phones & Smartphones _ eBay_files/s-l1600(23).webp,NA
Apple iPhone 5C Unlocked New Battery 8/16/32GB BLUE/GREEN/PINK/WHITE/ YELLOW,$26.99 - $59.99,./Cell Phones & Smartphones _ eBay_files/s-l1600(24).webp,4
Samsung Galaxy S22 Ultra 128GB S908U Unlocked - Good,$266.99,./Cell Phones & Smartphones _ eBay_files/s-l1600(25).webp,3.5
OnePlus 15 Infinite Black 12GB+256GB US Unlock Excellent w 95%+ Battery Health,$699.00,./Cell Phones & Smartphones _ eBay_files/s_1x2.gif,NA
NEW Samsung Galaxy S24+ Plus 5G SM-S926U 256/512GB Factory Unlocked All Carriers,$466.88,./Cell Phones & Smartphones _ eBay_files/s-l1600(26).webp,5
Samsung Galaxy S23+ PLUS 256GB 5G SM-916U1 Factory Unlocked  - EXCELLENT,$289.48 - $319.48,./Cell Phones & Smartphones _ eBay_files/s-l1600(14).webp,NA
Google Pixel 8 Pro G1MNW Unlocked 128GB Obsidian Good,$257.44,./Cell Phones & Smartphones _ eBay_files/s-l1600(27).webp,5
Apple iPhone 12 64GB 128GB 256GB Unlocked Smartphone - Good,$174.99 - $219.99,./Cell Phones & Smartphones _ eBay_files/s-l1600(28).webp,4.5
90%N ew CAT S62/S62 Pro Rugged cell phone 128GB IP68 Fully UNLOCKED Android,$99.99 - $300.00,./Cell Phones & Smartphones _ eBay_files/s-l1600(29).webp,4.5
Apple iPhone 11 Pro Max 64/256/512GB Unlocked - All colors - Used Excellent,$269.99 - $324.99,./Cell Phones & Smartphones _ eBay_files/s-l1600(30).webp,4
✨NEW✨ Samsung Galaxy S24 Ultra/S23 Ultra/S22 Ultra 5G 128GB (Factory Unlocked),$344.99 - $708.99,./Cell Phones & Smartphones _ eBay_files/s_1x2.gif,NA
Samsung Galaxy S22 Ultra 5G SM-S908U 128GB 256GB 512GB Factory Unlocked ✨New✨,$344.99,./Cell Phones & Smartphones _ eBay_files/s-l1600(31).webp,4.5
Apple iPhone 5s - 16 32 64 GB - (Unlocked) Original Smartphone New battery,$28.99 - $51.29,./Cell Phones & Smartphones _ eBay_files/s-l1600(32).webp,4.5
65W Type USB C Super Fast Wall Charger+3ft Cable For Samsung Galaxy S22 S21 S23,$1.90,./Cell Phones & Smartphones _ eBay_files/s-l1600(33).webp,NA
Google Pixel 7 - 7 Pro - 128/256 GB - Unlocked/T-Mobile/AT&T/Verizon - Very Good,$179.99 - $199.99,./Cell Phones & Smartphones _ eBay_files/s-l1600(34).webp,4.5
Motorola Moto Razr+ Plus 2025 XT2557-3 256GB Unlocked(Excellent Condition),$319.99,./Cell Phones & Smartphones _ eBay_files/s_1x2.gif,NA
"Apple iPhone 5s - 16GB, 32GB, 64GB - ALL COLORS Unlocked/AT&T/T-Mobile A1453",$39.99 - $44.99,./Cell Phones & Smartphones _ eBay_files/s-l1600(35).webp,4.5
Apple iPhone 13 MINI A2481 128/256/512 Factory Unlocked New in Sealed Box Phones,$317.01 - $330.01,./Cell Phones & Smartphones _ eBay_files/s-l1600(36).webp,4.5
VIWOODS AiPaper Reader C 6.13''with Adjustable Warm and Cool Light AI Integrated,$269.00,./Cell Phones & Smartphones _ eBay_files/s-l1600(37).webp,NA
"Apple iPhone 14 Plus 128GB/256GB - Unlocked, Very Good Condition, Various Color",$238.00 - $352.00,./Cell Phones & Smartphones _ eBay_files/s-l1600(38).webp,4.5
Samsung Galaxy S25 FE 128GB Jetblack SM-S731U (T-Mobile) EXCELLENT,$284.23,./Cell Phones & Smartphones _ eBay_files/s-l1600(39).webp,NA
Apple  iPhone 12 Pro Max 5G 128GB Factory Unlocked CDMA + GSM - EXCELLENT,$309.48 - $324.48,./Cell Phones & Smartphones _ eBay_files/s-l1600(40).webp,4.5
NEW SEALED Samsung Galaxy S22 Ultra 5G S908U 128GB/256GB/512GB Factory Unlocked,$299.55 - $374.55,./Cell Phones & Smartphones _ eBay_files/s-l1600(41).webp,NA
45W PD Super Fast Wall Charger+Type-C Cable For Samsung Galaxy S23 S22 S21 S20,$1.25,./Cell Phones & Smartphones _ eBay_files/s-l1600(42).webp,NA
Samsung Galaxy S22 Ultra 512GB S908U Unlocked - Good,$314.99,./Cell Phones & Smartphones _ eBay_files/s-l1600(43).webp,4.5
OnePlus 15 Infinite Black 12GB+256GB US Unlock 95%+ Battery Health,$629.00,./Cell Phones & Smartphones _ eBay_files/s-l1600(44).webp,NA
Samsung Galaxy A16 5G SM-A166U1 4GB 128GB Fully Unlocked New Sealed Smartphone,$137.90,./Cell Phones & Smartphones _ eBay_files/s-l1600(45).webp,5
Motorola Moto Edge 2025 - 256GB (Cricket) - BRAND NEW SEALED,$124.45,./Cell Phones & Smartphones _ eBay_files/s-l1600(46).webp,NA
Apple iPhone 5C Unlocked New Battery 8/16/32GB BLUE/PINK/WHITE/ YELLOW #BestJ,$26.00 - $55.00,./Cell Phones & Smartphones _ eBay_files/s-l1600(47).webp,5
Apple iPhone 6/6s 16GB 32GB 64GB 128GB All Colors Unlocked Verizon Smartphone,$40.00 - $83.00,./Cell Phones & Smartphones _ eBay_files/s-l1600(48).webp,4.5
Apple iPhone 12 Pro 128GB 256GB 512GB Unlocked Smartphone - All Colors - Good,$244.99 - $257.99,./Cell Phones & Smartphones _ eBay_files/s-l1600(49).webp,4.5
Apple iPhone 15 A2846 128GB Smartphone Fully  Unlocked - Excellent Condition,$409.00,./Cell Phones & Smartphones _ eBay_files/s-l1600(50).webp,5
NEW SEALED Samsung Galaxy Note 20 Ultra 5G 12+128GB Factory Unlocked Smartphone,$252.42,./Cell Phones & Smartphones _ eBay_files/s-l1600(51).webp,5
Samsung Galaxy S23 Ultra 256GB SM-S918U1 Factory Unlocked - Excellent,$389.99 - $417.99,./Cell Phones & Smartphones _ eBay_files/s-l1600(52).webp,NA
Samsung Galaxy S25 128GB 5G SM-S931U1 FACTORY UNLOCKED - CDMA + GSM - EXCELLENT,$399.99 - $439.99,./Cell Phones & Smartphones _ eBay_files/s-l1600(53).webp,NA
NEW Samsung Galaxy S24 5G Factory Unlocked SM-S921U1 128GB 256GB 1 YEAR WARRANTY,$449.00,./Cell Phones & Smartphones _ eBay_files/s-l1600(54).webp,5
Samsung Galaxy A37 5G – 128GB – Cricket Wireless – Brand New Sealed 📦,$129.99,./Cell Phones & Smartphones _ eBay_files/s-l1600(55).webp,NA
Samsung Galaxy S25 Ultra 1TB S938U Unlocked - Excellent,$828.99,./Cell Phones & Smartphones _ eBay_files/s-l1600(56).webp,NA
Samsung Galaxy S23 5G S911U Verizon Straight Talk Unlocked T-Mobile AT&T Mint,$199.99 - $279.99,./Cell Phones & Smartphones _ eBay_files/s-l1600(57).webp,5
Apple iPhone 12 64/128GB - Fully Unlocked AT&T T-Mobile Verizon - All colors,$144.00 - $234.00,./Cell Phones & Smartphones _ eBay_files/s-l1600(58).webp,5
